CustomerID,Recency,Frequency,Monetary
12346,,12,77556.46
12347,,8,4921.529999999996
12348,,5,2019.4
12349,,4,4428.690000000002
12350,,1,334.40000000000003
12351,,1,300.93
12352,,10,2849.8400000000015
12353,,2,406.75999999999993
12354,,1,1079.3999999999999
12355,,2,947.6099999999999
